level,year,city,town,topic,question,neighborhood,value
town,2017,Bridgeport,NA,Health outcomes,Coronary heart disease,Bridgeport,0.054000000000000006
neighborhood,2017,Bridgeport,NA,Health outcomes,Coronary heart disease,Black Rock,0.04694146341463415
neighborhood,2017,Bridgeport,NA,Health outcomes,Coronary heart disease,Brooklawn-St. Vincent,0.05110877346322905
neighborhood,2017,Bridgeport,NA,Health outcomes,Coronary heart disease,Downtown,0.067
neighborhood,2017,Bridgeport,NA,Health outcomes,Coronary heart disease,East End,0.057545643380343285
neighborhood,2017,Bridgeport,NA,Health outcomes,Coronary heart disease,East Side,0.055163232721281395
neighborhood,2017,Bridgeport,NA,Health outcomes,Coronary heart disease,Enterprise,0.05
neighborhood,2017,Bridgeport,NA,Health outcomes,Coronary heart disease,Hollow,0.05603710498605034
neighborhood,2017,Bridgeport,NA,Health outcomes,Coronary heart disease,Mill Hill,0.060543979012907964
neighborhood,2017,Bridgeport,NA,Health outcomes,Coronary heart disease,North End,0.05124897068205284
neighborhood,2017,Bridgeport,NA,Health outcomes,Coronary heart disease,Reservoir-Whiskey Hill,0.05057097393862307
neighborhood,2017,Bridgeport,NA,Health outcomes,Coronary heart disease,South End,0.037349144728860854
neighborhood,2017,Bridgeport,NA,Health outcomes,Coronary heart disease,Upper East Side,0.0598626653389543
neighborhood,2017,Bridgeport,NA,Health outcomes,Coronary heart disease,West End-West Side,0.0550474404955983
town,2017,Hartford,NA,Health outcomes,Coronary heart disease,Hartford,0.057999999999999996
neighborhood,2017,Hartford,Hartford,Health outcomes,Coronary heart disease,Asylum Hill,0.05021311792589726
neighborhood,2017,Hartford,Hartford,Health outcomes,Coronary heart disease,Barry Square,0.052024290983085336
neighborhood,2017,Hartford,Hartford,Health outcomes,Coronary heart disease,Behind the Rocks,0.061
neighborhood,2017,Hartford,Hartford,Health outcomes,Coronary heart disease,Blue Hills,0.04733624253559945
neighborhood,2017,Hartford,Hartford,Health outcomes,Coronary heart disease,Clay Arsenal,0.06818695592096173
neighborhood,2017,Hartford,Hartford,Health outcomes,Coronary heart disease,Downtown,0.026000000000000002
neighborhood,2017,Hartford,Hartford,Health outcomes,Coronary heart disease,Frog Hollow,0.06186527492584988
neighborhood,2017,Hartford,Hartford,Health outcomes,Coronary heart disease,Northeast,0.06799128856624319
neighborhood,2017,Hartford,Hartford,Health outcomes,Coronary heart disease,Parkville,0.07311883691529708
neighborhood,2017,Hartford,Hartford,Health outcomes,Coronary heart disease,Sheldon Charter Oak,0.06266729559748428
neighborhood,2017,Hartford,Hartford,Health outcomes,Coronary heart disease,South End & South Meadows,0.05976278578965881
neighborhood,2017,Hartford,Hartford,Health outcomes,Coronary heart disease,South Green,0.076
neighborhood,2017,Hartford,Hartford,Health outcomes,Coronary heart disease,Southwest,0.061553663765922556
neighborhood,2017,Hartford,Hartford,Health outcomes,Coronary heart disease,Upper Albany,0.06965667011375387
neighborhood,2017,Hartford,Hartford,Health outcomes,Coronary heart disease,West End,0.05726512148012605
town,2017,New Haven,NA,Health outcomes,Coronary heart disease,New Haven,0.051
neighborhood,2017,New Haven,NA,Health outcomes,Coronary heart disease,Amity,0.05700000000000001
neighborhood,2017,New Haven,NA,Health outcomes,Coronary heart disease,Annex,0.047
neighborhood,2017,New Haven,NA,Health outcomes,Coronary heart disease,Beaver Hills,0.045
neighborhood,2017,New Haven,NA,Health outcomes,Coronary heart disease,Dixwell,0.062
neighborhood,2017,New Haven,NA,Health outcomes,Coronary heart disease,Downtown,0.01924483516641146
neighborhood,2017,New Haven,NA,Health outcomes,Coronary heart disease,Dwight,0.047
neighborhood,2017,New Haven,NA,Health outcomes,Coronary heart disease,East Rock,0.030436914124154214
neighborhood,2017,New Haven,NA,Health outcomes,Coronary heart disease,East Shore,0.055
neighborhood,2017,New Haven,NA,Health outcomes,Coronary heart disease,Edgewood,0.045
neighborhood,2017,New Haven,NA,Health outcomes,Coronary heart disease,Fair Haven,0.05536569716491793
neighborhood,2017,New Haven,NA,Health outcomes,Coronary heart disease,Fair Haven Heights,0.0865258358662614
neighborhood,2017,New Haven,NA,Health outcomes,Coronary heart disease,Hill,0.06971967725143155
neighborhood,2017,New Haven,NA,Health outcomes,Coronary heart disease,Newhallville,0.07
neighborhood,2017,New Haven,NA,Health outcomes,Coronary heart disease,Prospect Hill,0.039
neighborhood,2017,New Haven,NA,Health outcomes,Coronary heart disease,Quinnipiac Meadows,0.049
neighborhood,2017,New Haven,NA,Health outcomes,Coronary heart disease,West River,0.081
neighborhood,2017,New Haven,NA,Health outcomes,Coronary heart disease,West Rock,0.036000000000000004
neighborhood,2017,New Haven,NA,Health outcomes,Coronary heart disease,Westville,0.04755144897102059
neighborhood,2017,New Haven,NA,Health outcomes,Coronary heart disease,Wooster Square,0.04238522107813447
town,2017,Stamford,NA,Health outcomes,Coronary heart disease,Stamford,0.046
neighborhood,2017,Stamford,NA,Health outcomes,Coronary heart disease,Belltown,0.042
neighborhood,2017,Stamford,NA,Health outcomes,Coronary heart disease,Cove-East Side,0.04664502814258912
neighborhood,2017,Stamford,NA,Health outcomes,Coronary heart disease,Downtown,0.03611236072060814
neighborhood,2017,Stamford,NA,Health outcomes,Coronary heart disease,Glenbrook,0.04824510723740432
neighborhood,2017,Stamford,NA,Health outcomes,Coronary heart disease,Newfield,0.054000000000000006
neighborhood,2017,Stamford,NA,Health outcomes,Coronary heart disease,North Stamford,0.04826641137855581
neighborhood,2017,Stamford,NA,Health outcomes,Coronary heart disease,Palmers Hill,0.054000000000000006
neighborhood,2017,Stamford,NA,Health outcomes,Coronary heart disease,Ridgeway,0.040999999999999995
neighborhood,2017,Stamford,NA,Health outcomes,Coronary heart disease,Roxbury,0.054000000000000006
neighborhood,2017,Stamford,NA,Health outcomes,Coronary heart disease,Shippan,0.045
neighborhood,2017,Stamford,NA,Health outcomes,Coronary heart disease,South End,0.036000000000000004
neighborhood,2017,Stamford,NA,Health outcomes,Coronary heart disease,Springdale,0.045564886018624365
neighborhood,2017,Stamford,NA,Health outcomes,Coronary heart disease,Turn Of River,0.046451333017826155
neighborhood,2017,Stamford,NA,Health outcomes,Coronary heart disease,Waterside,0.049
neighborhood,2017,Stamford,NA,Health outcomes,Coronary heart disease,West Side,0.053960527284777966
neighborhood,2017,Stamford,NA,Health outcomes,Coronary heart disease,Westover,0.054000000000000006
town,2017,Bridgeport,NA,Health outcomes,Current asthma,Bridgeport,0.11
neighborhood,2017,Bridgeport,NA,Health outcomes,Current asthma,Black Rock,0.09970731707317074
neighborhood,2017,Bridgeport,NA,Health outcomes,Current asthma,Brooklawn-St. Vincent,0.10793173084531692
neighborhood,2017,Bridgeport,NA,Health outcomes,Current asthma,Downtown,0.111
neighborhood,2017,Bridgeport,NA,Health outcomes,Current asthma,East End,0.12154564338034328
neighborhood,2017,Bridgeport,NA,Health outcomes,Current asthma,East Side,0.11284500251954772
neighborhood,2017,Bridgeport,NA,Health outcomes,Current asthma,Enterprise,0.11440752747430868
neighborhood,2017,Bridgeport,NA,Health outcomes,Current asthma,Hollow,0.1178602755191767
neighborhood,2017,Bridgeport,NA,Health outcomes,Current asthma,Mill Hill,0.11235191824669404
neighborhood,2017,Bridgeport,NA,Health outcomes,Current asthma,North End,0.10305602427490837
neighborhood,2017,Bridgeport,NA,Health outcomes,Current asthma,Reservoir-Whiskey Hill,0.11399960219629518
neighborhood,2017,Bridgeport,NA,Health outcomes,Current asthma,South End,0.1037783573941526
neighborhood,2017,Bridgeport,NA,Health outcomes,Current asthma,Upper East Side,0.10815770444035214
neighborhood,2017,Bridgeport,NA,Health outcomes,Current asthma,West End-West Side,0.11486180849907618
town,2017,Hartford,NA,Health outcomes,Current asthma,Hartford,0.11900000000000001
neighborhood,2017,Hartford,Hartford,Health outcomes,Current asthma,Asylum Hill,0.11911424978233531
neighborhood,2017,Hartford,Hartford,Health outcomes,Current asthma,Barry Square,0.11871620246725169
neighborhood,2017,Hartford,Hartford,Health outcomes,Current asthma,Behind the Rocks,0.11142902504998235
neighborhood,2017,Hartford,Hartford,Health outcomes,Current asthma,Blue Hills,0.132
neighborhood,2017,Hartford,Hartford,Health outcomes,Current asthma,Clay Arsenal,0.13235429045184469
neighborhood,2017,Hartford,Hartford,Health outcomes,Current asthma,Downtown,0.08800000000000001
neighborhood,2017,Hartford,Hartford,Health outcomes,Current asthma,Frog Hollow,0.11376579968058408
neighborhood,2017,Hartford,Hartford,Health outcomes,Current asthma,Northeast,0.14178811252268603
neighborhood,2017,Hartford,Hartford,Health outcomes,Current asthma,Parkville,0.11828950695322378
neighborhood,2017,Hartford,Hartford,Health outcomes,Current asthma,Sheldon Charter Oak,0.10957358490566037
neighborhood,2017,Hartford,Hartford,Health outcomes,Current asthma,South End & South Meadows,0.1121520928596553
neighborhood,2017,Hartford,Hartford,Health outcomes,Current asthma,South Green,0.11
neighborhood,2017,Hartford,Hartford,Health outcomes,Current asthma,Southwest,0.10255366376592255
neighborhood,2017,Hartford,Hartford,Health outcomes,Current asthma,Upper Albany,0.14561648692569065
neighborhood,2017,Hartford,Hartford,Health outcomes,Current asthma,West End,0.10903862966351531
town,2017,New Haven,NA,Health outcomes,Current asthma,New Haven,0.11800000000000001
neighborhood,2017,New Haven,NA,Health outcomes,Current asthma,Amity,0.132
neighborhood,2017,New Haven,NA,Health outcomes,Current asthma,Annex,0.109
neighborhood,2017,New Haven,NA,Health outcomes,Current asthma,Beaver Hills,0.124
neighborhood,2017,New Haven,NA,Health outcomes,Current asthma,Dixwell,0.131
neighborhood,2017,New Haven,NA,Health outcomes,Current asthma,Downtown,0.10304595903993802
neighborhood,2017,New Haven,NA,Health outcomes,Current asthma,Dwight,0.125
neighborhood,2017,New Haven,NA,Health outcomes,Current asthma,East Rock,0.09701323524702288
neighborhood,2017,New Haven,NA,Health outcomes,Current asthma,East Shore,0.1
neighborhood,2017,New Haven,NA,Health outcomes,Current asthma,Edgewood,0.128
neighborhood,2017,New Haven,NA,Health outcomes,Current asthma,Fair Haven,0.11629904313019587
neighborhood,2017,New Haven,NA,Health outcomes,Current asthma,Fair Haven Heights,0.11704711246200607
neighborhood,2017,New Haven,NA,Health outcomes,Current asthma,Hill,0.12529001821967725
neighborhood,2017,New Haven,NA,Health outcomes,Current asthma,Newhallville,0.15
neighborhood,2017,New Haven,NA,Health outcomes,Current asthma,Prospect Hill,0.107
neighborhood,2017,New Haven,NA,Health outcomes,Current asthma,Quinnipiac Meadows,0.11900000000000001
neighborhood,2017,New Haven,NA,Health outcomes,Current asthma,West River,0.14300000000000002
neighborhood,2017,New Haven,NA,Health outcomes,Current asthma,West Rock,0.129
neighborhood,2017,New Haven,NA,Health outcomes,Current asthma,Westville,0.10288786224275515
neighborhood,2017,New Haven,NA,Health outcomes,Current asthma,Wooster Square,0.1117038158691702
town,2017,Stamford,NA,Health outcomes,Current asthma,Stamford,0.092
neighborhood,2017,Stamford,NA,Health outcomes,Current asthma,Belltown,0.09108128055748084
neighborhood,2017,Stamford,NA,Health outcomes,Current asthma,Cove-East Side,0.09510919324577861
neighborhood,2017,Stamford,NA,Health outcomes,Current asthma,Downtown,0.08572154535041132
neighborhood,2017,Stamford,NA,Health outcomes,Current asthma,Glenbrook,0.09574957421760619
neighborhood,2017,Stamford,NA,Health outcomes,Current asthma,Newfield,0.087
neighborhood,2017,Stamford,NA,Health outcomes,Current asthma,North Stamford,0.08425519693654268
neighborhood,2017,Stamford,NA,Health outcomes,Current asthma,Palmers Hill,0.086
neighborhood,2017,Stamford,NA,Health outcomes,Current asthma,Ridgeway,0.09
neighborhood,2017,Stamford,NA,Health outcomes,Current asthma,Roxbury,0.086
neighborhood,2017,Stamford,NA,Health outcomes,Current asthma,Shippan,0.086
neighborhood,2017,Stamford,NA,Health outcomes,Current asthma,South End,0.08900000000000001
neighborhood,2017,Stamford,NA,Health outcomes,Current asthma,Springdale,0.09240393601607606
neighborhood,2017,Stamford,NA,Health outcomes,Current asthma,Turn Of River,0.08720208234737341
neighborhood,2017,Stamford,NA,Health outcomes,Current asthma,Waterside,0.10300000000000001
neighborhood,2017,Stamford,NA,Health outcomes,Current asthma,West Side,0.10420693718241401
neighborhood,2017,Stamford,NA,Health outcomes,Current asthma,Westover,0.086
town,2017,Bridgeport,NA,Health outcomes,Diabetes,Bridgeport,0.10800000000000001
neighborhood,2017,Bridgeport,NA,Health outcomes,Diabetes,Black Rock,0.08406341463414634
neighborhood,2017,Bridgeport,NA,Health outcomes,Diabetes,Brooklawn-St. Vincent,0.09607924527240864
neighborhood,2017,Bridgeport,NA,Health outcomes,Diabetes,Downtown,0.131
neighborhood,2017,Bridgeport,NA,Health outcomes,Diabetes,East End,0.13461867278889253
neighborhood,2017,Bridgeport,NA,Health outcomes,Diabetes,East Side,0.13018642388418006
neighborhood,2017,Bridgeport,NA,Health outcomes,Diabetes,Enterprise,0.10814811813142285
neighborhood,2017,Bridgeport,NA,Health outcomes,Diabetes,Hollow,0.1195626865833668
neighborhood,2017,Bridgeport,NA,Health outcomes,Diabetes,Mill Hill,0.12328290459694846
neighborhood,2017,Bridgeport,NA,Health outcomes,Diabetes,North End,0.08828301055323118
neighborhood,2017,Bridgeport,NA,Health outcomes,Diabetes,Reservoir-Whiskey Hill,0.11457017833121344
neighborhood,2017,Bridgeport,NA,Health outcomes,Diabetes,South End,0.08257151522503942
neighborhood,2017,Bridgeport,NA,Health outcomes,Diabetes,Upper East Side,0.1162886515832366
neighborhood,2017,Bridgeport,NA,Health outcomes,Diabetes,West End-West Side,0.1223751766112379
town,2017,Hartford,NA,Health outcomes,Diabetes,Hartford,0.134
neighborhood,2017,Hartford,Hartford,Health outcomes,Diabetes,Asylum Hill,0.1235231691980265
neighborhood,2017,Hartford,Hartford,Health outcomes,Diabetes,Barry Square,0.12416952816990971
neighborhood,2017,Hartford,Hartford,Health outcomes,Diabetes,Behind the Rocks,0.14942902504998234
neighborhood,2017,Hartford,Hartford,Health outcomes,Diabetes,Blue Hills,0.11962241616903997
neighborhood,2017,Hartford,Hartford,Health outcomes,Diabetes,Clay Arsenal,0.17099834185435953
neighborhood,2017,Hartford,Hartford,Health outcomes,Diabetes,Downtown,0.054000000000000006
neighborhood,2017,Hartford,Hartford,Health outcomes,Diabetes,Frog Hollow,0.1441042664841433
neighborhood,2017,Hartford,Hartford,Health outcomes,Diabetes,Northeast,0.17062695099818512
neighborhood,2017,Hartford,Hartford,Health outcomes,Diabetes,Parkville,0.15563211125158025
neighborhood,2017,Hartford,Hartford,Health outcomes,Diabetes,Sheldon Charter Oak,0.14019308176100628
neighborhood,2017,Hartford,Hartford,Health outcomes,Diabetes,South End & South Meadows,0.12768097080548718
neighborhood,2017,Hartford,Hartford,Health outcomes,Diabetes,South Green,0.165
neighborhood,2017,Hartford,Hartford,Health outcomes,Diabetes,Southwest,0.12564396519107074
neighborhood,2017,Hartford,Hartford,Health outcomes,Diabetes,Upper Albany,0.17475358250849463
neighborhood,2017,Hartford,Hartford,Health outcomes,Diabetes,West End,0.11963535630781744
town,2017,New Haven,NA,Health outcomes,Diabetes,New Haven,0.106
neighborhood,2017,New Haven,NA,Health outcomes,Diabetes,Amity,0.125
neighborhood,2017,New Haven,NA,Health outcomes,Diabetes,Annex,0.09699999999999999
neighborhood,2017,New Haven,NA,Health outcomes,Diabetes,Beaver Hills,0.106
neighborhood,2017,New Haven,NA,Health outcomes,Diabetes,Dixwell,0.14400000000000002
neighborhood,2017,New Haven,NA,Health outcomes,Diabetes,Downtown,0.038867874932312974
neighborhood,2017,New Haven,NA,Health outcomes,Diabetes,Dwight,0.109
neighborhood,2017,New Haven,NA,Health outcomes,Diabetes,East Rock,0.05774946816541086
neighborhood,2017,New Haven,NA,Health outcomes,Diabetes,East Shore,0.083
neighborhood,2017,New Haven,NA,Health outcomes,Diabetes,Edgewood,0.107
neighborhood,2017,New Haven,NA,Health outcomes,Diabetes,Fair Haven,0.12518153051798867
neighborhood,2017,New Haven,NA,Health outcomes,Diabetes,Fair Haven Heights,0.1474984802431611
neighborhood,2017,New Haven,NA,Health outcomes,Diabetes,Hill,0.15174603071317022
neighborhood,2017,New Haven,NA,Health outcomes,Diabetes,Newhallville,0.168
neighborhood,2017,New Haven,NA,Health outcomes,Diabetes,Prospect Hill,0.08
neighborhood,2017,New Haven,NA,Health outcomes,Diabetes,Quinnipiac Meadows,0.10800000000000001
neighborhood,2017,New Haven,NA,Health outcomes,Diabetes,West River,0.172
neighborhood,2017,New Haven,NA,Health outcomes,Diabetes,West Rock,0.07
neighborhood,2017,New Haven,NA,Health outcomes,Diabetes,Westville,0.08476648467030659
neighborhood,2017,New Haven,NA,Health outcomes,Diabetes,Wooster Square,0.08602241066020594
town,2017,Stamford,NA,Health outcomes,Diabetes,Stamford,0.079
neighborhood,2017,Stamford,NA,Health outcomes,Diabetes,Belltown,0.06908128055748085
neighborhood,2017,Stamford,NA,Health outcomes,Diabetes,Cove-East Side,0.08361801125703565
neighborhood,2017,Stamford,NA,Health outcomes,Diabetes,Downtown,0.06637649692804332
neighborhood,2017,Stamford,NA,Health outcomes,Diabetes,Glenbrook,0.08438457263399447
neighborhood,2017,Stamford,NA,Health outcomes,Diabetes,Newfield,0.075
neighborhood,2017,Stamford,NA,Health outcomes,Diabetes,North Stamford,0.0712664113785558
neighborhood,2017,Stamford,NA,Health outcomes,Diabetes,Palmers Hill,0.07400000000000001
neighborhood,2017,Stamford,NA,Health outcomes,Diabetes,Ridgeway,0.07400000000000001
neighborhood,2017,Stamford,NA,Health outcomes,Diabetes,Roxbury,0.07400000000000001
neighborhood,2017,Stamford,NA,Health outcomes,Diabetes,Shippan,0.066
neighborhood,2017,Stamford,NA,Health outcomes,Diabetes,South End,0.08199999999999999
neighborhood,2017,Stamford,NA,Health outcomes,Diabetes,Springdale,0.07302781567853686
neighborhood,2017,Stamford,NA,Health outcomes,Diabetes,Turn Of River,0.07028648051743178
neighborhood,2017,Stamford,NA,Health outcomes,Diabetes,Waterside,0.09500000000000001
neighborhood,2017,Stamford,NA,Health outcomes,Diabetes,West Side,0.10737440164960599
neighborhood,2017,Stamford,NA,Health outcomes,Diabetes,Westover,0.07400000000000001
town,2017,Bridgeport,NA,Health outcomes,High blood pressure,Bridgeport,0.298
neighborhood,2017,Bridgeport,NA,Health outcomes,High blood pressure,Black Rock,0.26035853658536584
neighborhood,2017,Bridgeport,NA,Health outcomes,High blood pressure,Brooklawn-St. Vincent,0.28443409408869824
neighborhood,2017,Bridgeport,NA,Health outcomes,High blood pressure,Downtown,0.33
neighborhood,2017,Bridgeport,NA,Health outcomes,High blood pressure,East End,0.34670995954957906
neighborhood,2017,Bridgeport,NA,Health outcomes,High blood pressure,East Side,0.3042459673081605
neighborhood,2017,Bridgeport,NA,Health outcomes,High blood pressure,Enterprise,0.29388870878853696
neighborhood,2017,Bridgeport,NA,Health outcomes,High blood pressure,Hollow,0.29719607672850834
neighborhood,2017,Bridgeport,NA,Health outcomes,High blood pressure,Mill Hill,0.32961715705941425
neighborhood,2017,Bridgeport,NA,Health outcomes,High blood pressure,North End,0.2770338622332335
neighborhood,2017,Bridgeport,NA,Health outcomes,High blood pressure,Reservoir-Whiskey Hill,0.324426639239148
neighborhood,2017,Bridgeport,NA,Health outcomes,High blood pressure,South End,0.22940312992842413
neighborhood,2017,Bridgeport,NA,Health outcomes,High blood pressure,Upper East Side,0.3223230660489918
neighborhood,2017,Bridgeport,NA,Health outcomes,High blood pressure,West End-West Side,0.3082035648299098
town,2017,Hartford,NA,Health outcomes,High blood pressure,Hartford,0.337
neighborhood,2017,Hartford,Hartford,Health outcomes,High blood pressure,Asylum Hill,0.3364620296023991
neighborhood,2017,Hartford,Hartford,Health outcomes,High blood pressure,Barry Square,0.28999033447793465
neighborhood,2017,Hartford,Hartford,Health outcomes,High blood pressure,Behind the Rocks,0.3347161001999294
neighborhood,2017,Hartford,Hartford,Health outcomes,High blood pressure,Blue Hills,0.3496440055121727
neighborhood,2017,Hartford,Hartford,Health outcomes,High blood pressure,Clay Arsenal,0.38213555340610755
neighborhood,2017,Hartford,Hartford,Health outcomes,High blood pressure,Downtown,0.201
neighborhood,2017,Hartford,Hartford,Health outcomes,High blood pressure,Frog Hollow,0.3207748117727584
neighborhood,2017,Hartford,Hartford,Health outcomes,High blood pressure,Northeast,0.4242648820326678
neighborhood,2017,Hartford,Hartford,Health outcomes,High blood pressure,Parkville,0.3470139064475347
neighborhood,2017,Hartford,Hartford,Health outcomes,High blood pressure,Sheldon Charter Oak,0.3378125786163522
neighborhood,2017,Hartford,Hartford,Health outcomes,High blood pressure,South End & South Meadows,0.3191664438972916
neighborhood,2017,Hartford,Hartford,Health outcomes,High blood pressure,South Green,0.36200000000000004
neighborhood,2017,Hartford,Hartford,Health outcomes,High blood pressure,Southwest,0.3337683188296129
neighborhood,2017,Hartford,Hartford,Health outcomes,High blood pressure,Upper Albany,0.43988964396513514
neighborhood,2017,Hartford,Hartford,Health outcomes,High blood pressure,West End,0.3234078479211142
town,2017,New Haven,NA,Health outcomes,High blood pressure,New Haven,0.303
neighborhood,2017,New Haven,NA,Health outcomes,High blood pressure,Amity,0.365
neighborhood,2017,New Haven,NA,Health outcomes,High blood pressure,Annex,0.28900000000000003
neighborhood,2017,New Haven,NA,Health outcomes,High blood pressure,Beaver Hills,0.336
neighborhood,2017,New Haven,NA,Health outcomes,High blood pressure,Dixwell,0.39
neighborhood,2017,New Haven,NA,Health outcomes,High blood pressure,Downtown,0.15257881279652294
neighborhood,2017,New Haven,NA,Health outcomes,High blood pressure,Dwight,0.31
neighborhood,2017,New Haven,NA,Health outcomes,High blood pressure,East Rock,0.20757390098955544
neighborhood,2017,New Haven,NA,Health outcomes,High blood pressure,East Shore,0.3
neighborhood,2017,New Haven,NA,Health outcomes,High blood pressure,Edgewood,0.32899999999999996
neighborhood,2017,New Haven,NA,Health outcomes,High blood pressure,Fair Haven,0.3153163804741716
neighborhood,2017,New Haven,NA,Health outcomes,High blood pressure,Fair Haven Heights,0.3973145896656535
neighborhood,2017,New Haven,NA,Health outcomes,High blood pressure,Hill,0.3657016527850078
neighborhood,2017,New Haven,NA,Health outcomes,High blood pressure,Newhallville,0.44
neighborhood,2017,New Haven,NA,Health outcomes,High blood pressure,Prospect Hill,0.26
neighborhood,2017,New Haven,NA,Health outcomes,High blood pressure,Quinnipiac Meadows,0.316
neighborhood,2017,New Haven,NA,Health outcomes,High blood pressure,West River,0.43299999999999994
neighborhood,2017,New Haven,NA,Health outcomes,High blood pressure,West Rock,0.228
neighborhood,2017,New Haven,NA,Health outcomes,High blood pressure,Westville,0.30407979840403193
neighborhood,2017,New Haven,NA,Health outcomes,High blood pressure,Wooster Square,0.2670520896426408
town,2017,Stamford,NA,Health outcomes,High blood pressure,Stamford,0.257
neighborhood,2017,Stamford,NA,Health outcomes,High blood pressure,Belltown,0.24175615832755745
neighborhood,2017,Stamford,NA,Health outcomes,High blood pressure,Cove-East Side,0.2555474671669794
neighborhood,2017,Stamford,NA,Health outcomes,High blood pressure,Downtown,0.2209013849838592
neighborhood,2017,Stamford,NA,Health outcomes,High blood pressure,Glenbrook,0.26591392920956863
neighborhood,2017,Stamford,NA,Health outcomes,High blood pressure,Newfield,0.281
neighborhood,2017,Stamford,NA,Health outcomes,High blood pressure,North Stamford,0.26828405361050334
neighborhood,2017,Stamford,NA,Health outcomes,High blood pressure,Palmers Hill,0.27899999999999997
neighborhood,2017,Stamford,NA,Health outcomes,High blood pressure,Ridgeway,0.24799999999999997
neighborhood,2017,Stamford,NA,Health outcomes,High blood pressure,Roxbury,0.27899999999999997
neighborhood,2017,Stamford,NA,Health outcomes,High blood pressure,Shippan,0.253
neighborhood,2017,Stamford,NA,Health outcomes,High blood pressure,South End,0.23199999999999998
neighborhood,2017,Stamford,NA,Health outcomes,High blood pressure,Springdale,0.2522260711919445
neighborhood,2017,Stamford,NA,Health outcomes,High blood pressure,Turn Of River,0.2579602460955987
neighborhood,2017,Stamford,NA,Health outcomes,High blood pressure,Waterside,0.278
neighborhood,2017,Stamford,NA,Health outcomes,High blood pressure,West Side,0.2939210545695559
neighborhood,2017,Stamford,NA,Health outcomes,High blood pressure,Westover,0.27899999999999997
town,2017,Bridgeport,NA,Prevention,Annual checkup,Bridgeport,0.693
neighborhood,2017,Bridgeport,NA,Prevention,Annual checkup,Black Rock,0.6760609756097562
neighborhood,2017,Bridgeport,NA,Prevention,Annual checkup,Brooklawn-St. Vincent,0.6866211279220209
neighborhood,2017,Bridgeport,NA,Prevention,Annual checkup,Downtown,0.706
neighborhood,2017,Bridgeport,NA,Prevention,Annual checkup,East End,0.7195456433803433
neighborhood,2017,Bridgeport,NA,Prevention,Annual checkup,East Side,0.6781324829152017
neighborhood,2017,Bridgeport,NA,Prevention,Annual checkup,Enterprise,0.6819623626284566
neighborhood,2017,Bridgeport,NA,Prevention,Annual checkup,Hollow,0.6584550408719346
neighborhood,2017,Bridgeport,NA,Prevention,Annual checkup,Mill Hill,0.7139939492216383
neighborhood,2017,Bridgeport,NA,Prevention,Annual checkup,North End,0.6984414883668497
neighborhood,2017,Bridgeport,NA,Prevention,Annual checkup,Reservoir-Whiskey Hill,0.7262850891656066
neighborhood,2017,Bridgeport,NA,Prevention,Annual checkup,South End,0.661494844110154
neighborhood,2017,Bridgeport,NA,Prevention,Annual checkup,Upper East Side,0.7145416260986098
neighborhood,2017,Bridgeport,NA,Prevention,Annual checkup,West End-West Side,0.6829202804043039
town,2017,Hartford,NA,Prevention,Annual checkup,Hartford,0.745
neighborhood,2017,Hartford,Hartford,Prevention,Annual checkup,Asylum Hill,0.75563064718970685
neighborhood,2017,Hartford,Hartford,Prevention,Annual checkup,Barry Square,0.7093863029378099
neighborhood,2017,Hartford,Hartford,Prevention,Annual checkup,Behind the Rocks,0.7258612254498412
neighborhood,2017,Hartford,Hartford,Prevention,Annual checkup,Blue Hills,0.7861855764813965
neighborhood,2017,Hartford,Hartford,Prevention,Annual checkup,Clay Arsenal,0.7517048500759983
neighborhood,2017,Hartford,Hartford,Prevention,Annual checkup,Downtown,0.713
neighborhood,2017,Hartford,Hartford,Prevention,Annual checkup,Frog Hollow,0.7135971937029432
neighborhood,2017,Hartford,Hartford,Prevention,Annual checkup,Northeast,0.7927813067150636
neighborhood,2017,Hartford,Hartford,Prevention,Annual checkup,Parkville,0.720802781289507
neighborhood,2017,Hartford,Hartford,Prevention,Annual checkup,Sheldon Charter Oak,0.7397610062893082
neighborhood,2017,Hartford,Hartford,Prevention,Annual checkup,South End & South Meadows,0.7282790010552234
neighborhood,2017,Hartford,Hartford,Prevention,Annual checkup,South Green,0.735
neighborhood,2017,Hartford,Hartford,Prevention,Annual checkup,Southwest,0.7583560348089292
neighborhood,2017,Hartford,Hartford,Prevention,Annual checkup,Upper Albany,0.8062198256758754
neighborhood,2017,Hartford,Hartford,Prevention,Annual checkup,West End,0.7455627732032123
town,2017,New Haven,NA,Prevention,Annual checkup,New Haven,0.72
neighborhood,2017,New Haven,NA,Prevention,Annual checkup,Amity,0.758
neighborhood,2017,New Haven,NA,Prevention,Annual checkup,Annex,0.706
neighborhood,2017,New Haven,NA,Prevention,Annual checkup,Beaver Hills,0.765
neighborhood,2017,New Haven,NA,Prevention,Annual checkup,Dixwell,0.75
neighborhood,2017,New Haven,NA,Prevention,Annual checkup,Downtown,0.6614104576897836
neighborhood,2017,New Haven,NA,Prevention,Annual checkup,Dwight,0.706
neighborhood,2017,New Haven,NA,Prevention,Annual checkup,East Rock,0.6826996152491274
neighborhood,2017,New Haven,NA,Prevention,Annual checkup,East Shore,0.7390000000000001
neighborhood,2017,New Haven,NA,Prevention,Annual checkup,Edgewood,0.7440000000000001
neighborhood,2017,New Haven,NA,Prevention,Annual checkup,Fair Haven,0.7015860803865374
neighborhood,2017,New Haven,NA,Prevention,Annual checkup,Fair Haven Heights,0.7614042553191488
neighborhood,2017,New Haven,NA,Prevention,Annual checkup,Hill,0.7260766527850078
neighborhood,2017,New Haven,NA,Prevention,Annual checkup,Newhallville,0.79
neighborhood,2017,New Haven,NA,Prevention,Annual checkup,Prospect Hill,0.7120000000000001
neighborhood,2017,New Haven,NA,Prevention,Annual checkup,Quinnipiac Meadows,0.7280000000000001
neighborhood,2017,New Haven,NA,Prevention,Annual checkup,West River,0.7709999999999999
neighborhood,2017,New Haven,NA,Prevention,Annual checkup,West Rock,0.6990000000000001
neighborhood,2017,New Haven,NA,Prevention,Annual checkup,Westville,0.7499769004619907
neighborhood,2017,New Haven,NA,Prevention,Annual checkup,Wooster Square,0.6907110841913991
town,2017,Stamford,NA,Prevention,Annual checkup,Stamford,0.6920000000000001
neighborhood,2017,Stamford,NA,Prevention,Annual checkup,Belltown,0.6868091152614128
neighborhood,2017,Stamford,NA,Prevention,Annual checkup,Cove-East Side,0.6776135084427768
neighborhood,2017,Stamford,NA,Prevention,Annual checkup,Downtown,0.6719242944913048
neighborhood,2017,Stamford,NA,Prevention,Annual checkup,Glenbrook,0.6907716133118998
neighborhood,2017,Stamford,NA,Prevention,Annual checkup,Newfield,0.725
neighborhood,2017,Stamford,NA,Prevention,Annual checkup,North Stamford,0.7255024617067833
neighborhood,2017,Stamford,NA,Prevention,Annual checkup,Palmers Hill,0.731
neighborhood,2017,Stamford,NA,Prevention,Annual checkup,Ridgeway,0.6940000000000001
neighborhood,2017,Stamford,NA,Prevention,Annual checkup,Roxbury,0.731
neighborhood,2017,Stamford,NA,Prevention,Annual checkup,Shippan,0.7120000000000001
neighborhood,2017,Stamford,NA,Prevention,Annual checkup,South End,0.645
neighborhood,2017,Stamford,NA,Prevention,Annual checkup,Springdale,0.6864050601760503
neighborhood,2017,Stamford,NA,Prevention,Annual checkup,Turn Of River,0.71103423252879006
neighborhood,2017,Stamford,NA,Prevention,Annual checkup,Waterside,0.687
neighborhood,2017,Stamford,NA,Prevention,Annual checkup,West Side,0.6830490463215259
neighborhood,2017,Stamford,NA,Prevention,Annual checkup,Westover,0.731
town,2016,Bridgeport,NA,Prevention,Dental visit,Bridgeport,0.61
neighborhood,2016,Bridgeport,NA,Prevention,Dental visit,Black Rock,0.6992780082987551
neighborhood,2016,Bridgeport,NA,Prevention,Dental visit,Brooklawn-St. Vincent,0.6333415533129625
neighborhood,2016,Bridgeport,NA,Prevention,Dental visit,Downtown,0.569
neighborhood,2016,Bridgeport,NA,Prevention,Dental visit,East End,0.546225733121164
neighborhood,2016,Bridgeport,NA,Prevention,Dental visit,East Side,0.5113903763705072
neighborhood,2016,Bridgeport,NA,Prevention,Dental visit,Enterprise,0.5859264705882352
neighborhood,2016,Bridgeport,NA,Prevention,Dental visit,Hollow,0.4749642217800849
neighborhood,2016,Bridgeport,NA,Prevention,Dental visit,Mill Hill,0.5965057090519684
neighborhood,2016,Bridgeport,NA,Prevention,Dental visit,North End,0.7136696491079014
neighborhood,2016,Bridgeport,NA,Prevention,Dental visit,Reservoir-Whiskey Hill,0.6446342784326218
neighborhood,2016,Bridgeport,NA,Prevention,Dental visit,South End,0.5739194094201989
neighborhood,2016,Bridgeport,NA,Prevention,Dental visit,Upper East Side,0.638684253407909
neighborhood,2016,Bridgeport,NA,Prevention,Dental visit,West End-West Side,0.5267426615553121
town,2016,Hartford,NA,Prevention,Dental visit,Hartford,0.606
neighborhood,2016,Hartford,Hartford,Prevention,Dental visit,Asylum Hill,0.6527605369965658
neighborhood,2016,Hartford,Hartford,Prevention,Dental visit,Barry Square,0.5645394870492636
neighborhood,2016,Hartford,Hartford,Prevention,Dental visit,Behind the Rocks,0.5640760269773144
neighborhood,2016,Hartford,Hartford,Prevention,Dental visit,Blue Hills,0.690396563573883
neighborhood,2016,Hartford,Hartford,Prevention,Dental visit,Clay Arsenal,0.4917552730828328
neighborhood,2016,Hartford,Hartford,Prevention,Dental visit,Downtown,0.826
neighborhood,2016,Hartford,Hartford,Prevention,Dental visit,Frog Hollow,0.5087485063690678
neighborhood,2016,Hartford,Hartford,Prevention,Dental visit,Northeast,0.5440614842903576
neighborhood,2016,Hartford,Hartford,Prevention,Dental visit,Parkville,0.5254814654238024
neighborhood,2016,Hartford,Hartford,Prevention,Dental visit,Sheldon Charter Oak,0.578871463714637
neighborhood,2016,Hartford,Hartford,Prevention,Dental visit,South End & South Meadows,0.6246427877947296
neighborhood,2016,Hartford,Hartford,Prevention,Dental visit,South Green,0.542
neighborhood,2016,Hartford,Hartford,Prevention,Dental visit,Southwest,0.6960328982418753
neighborhood,2016,Hartford,Hartford,Prevention,Dental visit,Upper Albany,0.5359646320593269
neighborhood,2016,Hartford,Hartford,Prevention,Dental visit,West End,0.6696146410230591
town,2016,New Haven,NA,Prevention,Dental visit,New Haven,0.6629999999999999
neighborhood,2016,New Haven,NA,Prevention,Dental visit,Amity,0.6629999999999999
neighborhood,2016,New Haven,NA,Prevention,Dental visit,Annex,0.6659999999999999
neighborhood,2016,New Haven,NA,Prevention,Dental visit,Beaver Hills,0.693
neighborhood,2016,New Haven,NA,Prevention,Dental visit,Dixwell,0.561
neighborhood,2016,New Haven,NA,Prevention,Dental visit,Downtown,0.7702096538824051
neighborhood,2016,New Haven,NA,Prevention,Dental visit,Dwight,0.588
neighborhood,2016,New Haven,NA,Prevention,Dental visit,East Rock,0.7852816597154891
neighborhood,2016,New Haven,NA,Prevention,Dental visit,East Shore,0.815
neighborhood,2016,New Haven,NA,Prevention,Dental visit,Edgewood,0.6559999999999999
neighborhood,2016,New Haven,NA,Prevention,Dental visit,Fair Haven,0.5445868490886103
neighborhood,2016,New Haven,NA,Prevention,Dental visit,Fair Haven Heights,0.6678006024096386
neighborhood,2016,New Haven,NA,Prevention,Dental visit,Hill,0.529469235511714
neighborhood,2016,New Haven,NA,Prevention,Dental visit,Newhallville,0.573
neighborhood,2016,New Haven,NA,Prevention,Dental visit,Prospect Hill,0.76
neighborhood,2016,New Haven,NA,Prevention,Dental visit,Quinnipiac Meadows,0.669
neighborhood,2016,New Haven,NA,Prevention,Dental visit,West River,0.547
neighborhood,2016,New Haven,NA,Prevention,Dental visit,West Rock,0.7
neighborhood,2016,New Haven,NA,Prevention,Dental visit,Westville,0.8201798652064027
neighborhood,2016,New Haven,NA,Prevention,Dental visit,Wooster Square,0.6580202205882354
town,2016,Stamford,NA,Prevention,Dental visit,Stamford,0.748
neighborhood,2016,Stamford,NA,Prevention,Dental visit,Belltown,0.7799094658044362
neighborhood,2016,Stamford,NA,Prevention,Dental visit,Cove-East Side,0.7037156922734605
neighborhood,2016,Stamford,NA,Prevention,Dental visit,Downtown,0.7530512345679011
neighborhood,2016,Stamford,NA,Prevention,Dental visit,Glenbrook,0.7319855191358715
neighborhood,2016,Stamford,NA,Prevention,Dental visit,Newfield,0.825
neighborhood,2016,Stamford,NA,Prevention,Dental visit,North Stamford,0.8526205219535585
neighborhood,2016,Stamford,NA,Prevention,Dental visit,Palmers Hill,0.841
neighborhood,2016,Stamford,NA,Prevention,Dental visit,Ridgeway,0.7809999999999999
neighborhood,2016,Stamford,NA,Prevention,Dental visit,Roxbury,0.841
neighborhood,2016,Stamford,NA,Prevention,Dental visit,Shippan,0.845
neighborhood,2016,Stamford,NA,Prevention,Dental visit,South End,0.634
neighborhood,2016,Stamford,NA,Prevention,Dental visit,Springdale,0.7639714394795558
neighborhood,2016,Stamford,NA,Prevention,Dental visit,Turn Of River,0.8195172769878466
neighborhood,2016,Stamford,NA,Prevention,Dental visit,Waterside,0.628
neighborhood,2016,Stamford,NA,Prevention,Dental visit,West Side,0.606148355493352
neighborhood,2016,Stamford,NA,Prevention,Dental visit,Westover,0.841
town,2017,Bridgeport,NA,Prevention,Health insurance,Bridgeport,0.193
neighborhood,2017,Bridgeport,NA,Prevention,Health insurance,Black Rock,0.1451292682926829
neighborhood,2017,Bridgeport,NA,Prevention,Health insurance,Brooklawn-St. Vincent,0.17925841474911303
neighborhood,2017,Bridgeport,NA,Prevention,Health insurance,Downtown,0.18100000000000002
neighborhood,2017,Bridgeport,NA,Prevention,Health insurance,East End,0.21005477205641196
neighborhood,2017,Bridgeport,NA,Prevention,Health insurance,East Side,0.26819114025104884
neighborhood,2017,Bridgeport,NA,Prevention,Health insurance,Enterprise,0.209111291211463
neighborhood,2017,Bridgeport,NA,Prevention,Health insurance,Hollow,0.27337472996298184
neighborhood,2017,Bridgeport,NA,Prevention,Health insurance,Mill Hill,0.19218979312017087
neighborhood,2017,Bridgeport,NA,Prevention,Health insurance,North End,0.1354177463723001
neighborhood,2017,Bridgeport,NA,Prevention,Health insurance,Reservoir-Whiskey Hill,0.16585646090793463
neighborhood,2017,Bridgeport,NA,Prevention,Health insurance,South End,0.17090124954506855
neighborhood,2017,Bridgeport,NA,Prevention,Health insurance,Upper East Side,0.1796519446992359
neighborhood,2017,Bridgeport,NA,Prevention,Health insurance,West End-West Side,0.24216068905553745
town,2017,Hartford,NA,Prevention,Health insurance,Hartford,0.204
neighborhood,2017,Hartford,Hartford,Prevention,Health insurance,Asylum Hill,0.17539218341878687
neighborhood,2017,Hartford,Hartford,Prevention,Health insurance,Barry Square,0.2420441943278647
neighborhood,2017,Hartford,Hartford,Prevention,Health insurance,Behind the Rocks,0.25871292485005293
neighborhood,2017,Hartford,Hartford,Prevention,Health insurance,Blue Hills,0.12540790078089115
neighborhood,2017,Hartford,Hartford,Prevention,Health insurance,Clay Arsenal,0.2626477822302059
neighborhood,2017,Hartford,Hartford,Prevention,Health insurance,Downtown,0.07200000000000001
neighborhood,2017,Hartford,Hartford,Prevention,Health insurance,Frog Hollow,0.27862206251425964
neighborhood,2017,Hartford,Hartford,Prevention,Health insurance,Northeast,0.19728130671506353
neighborhood,2017,Hartford,Hartford,Prevention,Health insurance,Parkville,0.2694475347661189
neighborhood,2017,Hartford,Hartford,Prevention,Health insurance,Sheldon Charter Oak,0.2133880503144654
neighborhood,2017,Hartford,Hartford,Prevention,Health insurance,South End & South Meadows,0.220336545902216
neighborhood,2017,Hartford,Hartford,Prevention,Health insurance,South Green,0.256
neighborhood,2017,Hartford,Hartford,Prevention,Health insurance,Southwest,0.19099999999999998
neighborhood,2017,Hartford,Hartford,Prevention,Health insurance,Upper Albany,0.18485551780174325
neighborhood,2017,Hartford,Hartford,Prevention,Health insurance,West End,0.14222659347362002
town,2017,New Haven,NA,Prevention,Health insurance,New Haven,0.154
neighborhood,2017,New Haven,NA,Prevention,Health insurance,Amity,0.14400000000000002
neighborhood,2017,New Haven,NA,Prevention,Health insurance,Annex,0.17399999999999996
neighborhood,2017,New Haven,NA,Prevention,Health insurance,Beaver Hills,0.11800000000000001
neighborhood,2017,New Haven,NA,Prevention,Health insurance,Dixwell,0.17600000000000002
neighborhood,2017,New Haven,NA,Prevention,Health insurance,Downtown,0.09125951652639167
neighborhood,2017,New Haven,NA,Prevention,Health insurance,Dwight,0.159
neighborhood,2017,New Haven,NA,Prevention,Health insurance,East Rock,0.09216717219545893
neighborhood,2017,New Haven,NA,Prevention,Health insurance,East Shore,0.08199999999999999
neighborhood,2017,New Haven,NA,Prevention,Health insurance,Edgewood,0.13699999999999998
neighborhood,2017,New Haven,NA,Prevention,Health insurance,Fair Haven,0.24877742829397692
neighborhood,2017,New Haven,NA,Prevention,Health insurance,Fair Haven Heights,0.1660471124620061
neighborhood,2017,New Haven,NA,Prevention,Health insurance,Hill,0.24284155387818845
neighborhood,2017,New Haven,NA,Prevention,Health insurance,Newhallville,0.16899999999999998
neighborhood,2017,New Haven,NA,Prevention,Health insurance,Prospect Hill,0.102
neighborhood,2017,New Haven,NA,Prevention,Health insurance,Quinnipiac Meadows,0.165
neighborhood,2017,New Haven,NA,Prevention,Health insurance,West River,0.19899999999999998
neighborhood,2017,New Haven,NA,Prevention,Health insurance,West Rock,0.125
neighborhood,2017,New Haven,NA,Prevention,Health insurance,Westville,0.0707757244855103
neighborhood,2017,New Haven,NA,Prevention,Health insurance,Wooster Square,0.1399412477286493
town,2017,Stamford,NA,Prevention,Health insurance,Stamford,0.11900000000000001
neighborhood,2017,Stamford,NA,Prevention,Health insurance,Belltown,0.09451600696851056
neighborhood,2017,Stamford,NA,Prevention,Health insurance,Cove-East Side,0.1603136960600375
neighborhood,2017,Stamford,NA,Prevention,Health insurance,Downtown,0.10023279183588461
neighborhood,2017,Stamford,NA,Prevention,Health insurance,Glenbrook,0.12534904594864318
neighborhood,2017,Stamford,NA,Prevention,Health insurance,Newfield,0.061
neighborhood,2017,Stamford,NA,Prevention,Health insurance,North Stamford,0.05254075492341356
neighborhood,2017,Stamford,NA,Prevention,Health insurance,Palmers Hill,0.06
neighborhood,2017,Stamford,NA,Prevention,Health insurance,Ridgeway,0.107
neighborhood,2017,Stamford,NA,Prevention,Health insurance,Roxbury,0.06
neighborhood,2017,Stamford,NA,Prevention,Health insurance,Shippan,0.051
neighborhood,2017,Stamford,NA,Prevention,Health insurance,South End,0.201
neighborhood,2017,Stamford,NA,Prevention,Health insurance,Springdale,0.09517632711307855
neighborhood,2017,Stamford,NA,Prevention,Health insurance,Turn Of River,0.07339422621864648
neighborhood,2017,Stamford,NA,Prevention,Health insurance,Waterside,0.172
neighborhood,2017,Stamford,NA,Prevention,Health insurance,West Side,0.22202989910891818
neighborhood,2017,Stamford,NA,Prevention,Health insurance,Westover,0.06
town,2017,Bridgeport,NA,Unhealthy behaviors,Current smoking,Bridgeport,0.182
neighborhood,2017,Bridgeport,NA,Unhealthy behaviors,Current smoking,Black Rock,0.15506341463414636
neighborhood,2017,Bridgeport,NA,Unhealthy behaviors,Current smoking,Brooklawn-St. Vincent,0.18094820426038538
neighborhood,2017,Bridgeport,NA,Unhealthy behaviors,Current smoking,Downtown,0.182
neighborhood,2017,Bridgeport,NA,Unhealthy behaviors,Current smoking,East End,0.20367344484530447
neighborhood,2017,Bridgeport,NA,Unhealthy behaviors,Current smoking,East Side,0.20464836455873944
neighborhood,2017,Bridgeport,NA,Unhealthy behaviors,Current smoking,Enterprise,0.2034451648458521
neighborhood,2017,Bridgeport,NA,Unhealthy behaviors,Current smoking,Hollow,0.2397807028018715
neighborhood,2017,Bridgeport,NA,Unhealthy behaviors,Current smoking,Mill Hill,0.183737392550029
neighborhood,2017,Bridgeport,NA,Unhealthy behaviors,Current smoking,North End,0.1493796319307622
neighborhood,2017,Bridgeport,NA,Unhealthy behaviors,Current smoking,Reservoir-Whiskey Hill,0.17071371742327882
neighborhood,2017,Bridgeport,NA,Unhealthy behaviors,Current smoking,South End,0.16630328763799587
neighborhood,2017,Bridgeport,NA,Unhealthy behaviors,Current smoking,Upper East Side,0.169922315737117
neighborhood,2017,Bridgeport,NA,Unhealthy behaviors,Current smoking,West End-West Side,0.2124165851537876
town,2017,Hartford,NA,Unhealthy behaviors,Current smoking,Hartford,0.193
neighborhood,2017,Hartford,Hartford,Unhealthy behaviors,Current smoking,Asylum Hill,0.19129950662668088
neighborhood,2017,Hartford,Hartford,Unhealthy behaviors,Current smoking,Barry Square,0.2012968968587053
neighborhood,2017,Hartford,Hartford,Unhealthy behaviors,Current smoking,Behind the Rocks,0.20170974950017642
neighborhood,2017,Hartford,Hartford,Unhealthy behaviors,Current smoking,Blue Hills,0.16453330271015157
neighborhood,2017,Hartford,Hartford,Unhealthy behaviors,Current smoking,Clay Arsenal,0.23867914881857122
neighborhood,2017,Hartford,Hartford,Unhealthy behaviors,Current smoking,Downtown,0.096
neighborhood,2017,Hartford,Hartford,Unhealthy behaviors,Current smoking,Frog Hollow,0.2115284052019165
neighborhood,2017,Hartford,Hartford,Unhealthy behaviors,Current smoking,Northeast,0.23019482758620688
neighborhood,2017,Hartford,Hartford,Unhealthy behaviors,Current smoking,Parkville,0.22944753476611884
neighborhood,2017,Hartford,Hartford,Unhealthy behaviors,Current smoking,Sheldon Charter Oak,0.19105345911949687
neighborhood,2017,Hartford,Hartford,Unhealthy behaviors,Current smoking,South End & South Meadows,0.19268638761871265
neighborhood,2017,Hartford,Hartford,Unhealthy behaviors,Current smoking,South Green,0.19899999999999998
neighborhood,2017,Hartford,Hartford,Unhealthy behaviors,Current smoking,Southwest,0.14907327531845124
neighborhood,2017,Hartford,Hartford,Unhealthy behaviors,Current smoking,Upper Albany,0.23000428423696262
neighborhood,2017,Hartford,Hartford,Unhealthy behaviors,Current smoking,West End,0.1647163769441903
town,2017,New Haven,NA,Unhealthy behaviors,Current smoking,New Haven,0.17600000000000002
neighborhood,2017,New Haven,NA,Unhealthy behaviors,Current smoking,Amity,0.198
neighborhood,2017,New Haven,NA,Unhealthy behaviors,Current smoking,Annex,0.183
neighborhood,2017,New Haven,NA,Unhealthy behaviors,Current smoking,Beaver Hills,0.162
neighborhood,2017,New Haven,NA,Unhealthy behaviors,Current smoking,Dixwell,0.22699999999999998
neighborhood,2017,New Haven,NA,Unhealthy behaviors,Current smoking,Downtown,0.11918666556693933
neighborhood,2017,New Haven,NA,Unhealthy behaviors,Current smoking,Dwight,0.207
neighborhood,2017,New Haven,NA,Unhealthy behaviors,Current smoking,East Rock,0.11694655577057686
neighborhood,2017,New Haven,NA,Unhealthy behaviors,Current smoking,East Shore,0.127
neighborhood,2017,New Haven,NA,Unhealthy behaviors,Current smoking,Edgewood,0.193
neighborhood,2017,New Haven,NA,Unhealthy behaviors,Current smoking,Fair Haven,0.20909644489708912
neighborhood,2017,New Haven,NA,Unhealthy behaviors,Current smoking,Fair Haven Heights,0.17685106382978721
neighborhood,2017,New Haven,NA,Unhealthy behaviors,Current smoking,Hill,0.220168987506507
neighborhood,2017,New Haven,NA,Unhealthy behaviors,Current smoking,Newhallville,0.235
neighborhood,2017,New Haven,NA,Unhealthy behaviors,Current smoking,Prospect Hill,0.147
neighborhood,2017,New Haven,NA,Unhealthy behaviors,Current smoking,Quinnipiac Meadows,0.194
neighborhood,2017,New Haven,NA,Unhealthy behaviors,Current smoking,West River,0.23800000000000002
neighborhood,2017,New Haven,NA,Unhealthy behaviors,Current smoking,West Rock,0.161
neighborhood,2017,New Haven,NA,Unhealthy behaviors,Current smoking,Westville,0.11467282654346912
neighborhood,2017,New Haven,NA,Unhealthy behaviors,Current smoking,Wooster Square,0.17352634766807995
town,2017,Stamford,NA,Unhealthy behaviors,Current smoking,Stamford,0.126
neighborhood,2017,Stamford,NA,Unhealthy behaviors,Current smoking,Belltown,0.12565024445984677
neighborhood,2017,Stamford,NA,Unhealthy behaviors,Current smoking,Cove-East Side,0.14711444652908068
neighborhood,2017,Stamford,NA,Unhealthy behaviors,Current smoking,Downtown,0.1134746954076851
neighborhood,2017,Stamford,NA,Unhealthy behaviors,Current smoking,Glenbrook,0.14015941890414071
neighborhood,2017,Stamford,NA,Unhealthy behaviors,Current smoking,Newfield,0.098
neighborhood,2017,Stamford,NA,Unhealthy behaviors,Current smoking,North Stamford,0.08654554157549235
neighborhood,2017,Stamford,NA,Unhealthy behaviors,Current smoking,Palmers Hill,0.09
neighborhood,2017,Stamford,NA,Unhealthy behaviors,Current smoking,Ridgeway,0.119
neighborhood,2017,Stamford,NA,Unhealthy behaviors,Current smoking,Roxbury,0.09
neighborhood,2017,Stamford,NA,Unhealthy behaviors,Current smoking,Shippan,0.08800000000000001
neighborhood,2017,Stamford,NA,Unhealthy behaviors,Current smoking,South End,0.14800000000000002
neighborhood,2017,Stamford,NA,Unhealthy behaviors,Current smoking,Springdale,0.13407484109591034
neighborhood,2017,Stamford,NA,Unhealthy behaviors,Current smoking,Turn Of River,0.10419861176841773
neighborhood,2017,Stamford,NA,Unhealthy behaviors,Current smoking,Waterside,0.159
neighborhood,2017,Stamford,NA,Unhealthy behaviors,Current smoking,West Side,0.1756997569776861
neighborhood,2017,Stamford,NA,Unhealthy behaviors,Current smoking,Westover,0.09
town,2016,Bridgeport,NA,Unhealthy behaviors,Sleep <7 hours,Bridgeport,0.402
neighborhood,2016,Bridgeport,NA,Unhealthy behaviors,Sleep <7 hours,Black Rock,0.36248962655601663
neighborhood,2016,Bridgeport,NA,Unhealthy behaviors,Sleep <7 hours,Brooklawn-St. Vincent,0.3963563401009529
neighborhood,2016,Bridgeport,NA,Unhealthy behaviors,Sleep <7 hours,Downtown,0.40700000000000003
neighborhood,2016,Bridgeport,NA,Unhealthy behaviors,Sleep <7 hours,East End,0.4411732211866333
neighborhood,2016,Bridgeport,NA,Unhealthy behaviors,Sleep <7 hours,East Side,0.4231991182434914
neighborhood,2016,Bridgeport,NA,Unhealthy behaviors,Sleep <7 hours,Enterprise,0.4158147058823529
neighborhood,2016,Bridgeport,NA,Unhealthy behaviors,Sleep <7 hours,Hollow,0.43444770396078614
neighborhood,2016,Bridgeport,NA,Unhealthy behaviors,Sleep <7 hours,Mill Hill,0.40988488204991624
neighborhood,2016,Bridgeport,NA,Unhealthy behaviors,Sleep <7 hours,North End,0.36619832795242147
neighborhood,2016,Bridgeport,NA,Unhealthy behaviors,Sleep <7 hours,Reservoir-Whiskey Hill,0.41946171816926836
neighborhood,2016,Bridgeport,NA,Unhealthy behaviors,Sleep <7 hours,South End,0.40354901862482134
neighborhood,2016,Bridgeport,NA,Unhealthy behaviors,Sleep <7 hours,Upper East Side,0.3954399003371132
neighborhood,2016,Bridgeport,NA,Unhealthy behaviors,Sleep <7 hours,West End-West Side,0.42957469879518073
town,2016,Hartford,NA,Unhealthy behaviors,Sleep <7 hours,Hartford,0.409
neighborhood,2016,Hartford,Hartford,Unhealthy behaviors,Sleep <7 hours,Asylum Hill,0.41594806951816005
neighborhood,2016,Hartford,Hartford,Unhealthy behaviors,Sleep <7 hours,Barry Square,0.3998166582021331
neighborhood,2016,Hartford,Hartford,Unhealthy behaviors,Sleep <7 hours,Behind the Rocks,0.4063417535254445
neighborhood,2016,Hartford,Hartford,Unhealthy behaviors,Sleep <7 hours,Blue Hills,0.41454707903780064
neighborhood,2016,Hartford,Hartford,Unhealthy behaviors,Sleep <7 hours,Clay Arsenal,0.44582888671602183
neighborhood,2016,Hartford,Hartford,Unhealthy behaviors,Sleep <7 hours,Downtown,0.327
neighborhood,2016,Hartford,Hartford,Unhealthy behaviors,Sleep <7 hours,Frog Hollow,0.41212760680870253
neighborhood,2016,Hartford,Hartford,Unhealthy behaviors,Sleep <7 hours,Northeast,0.4631269411339834
neighborhood,2016,Hartford,Hartford,Unhealthy behaviors,Sleep <7 hours,Parkville,0.4148296119661826
neighborhood,2016,Hartford,Hartford,Unhealthy behaviors,Sleep <7 hours,Sheldon Charter Oak,0.4050350553505535
neighborhood,2016,Hartford,Hartford,Unhealthy behaviors,Sleep <7 hours,South End & South Meadows,0.38868647711511795
neighborhood,2016,Hartford,Hartford,Unhealthy behaviors,Sleep <7 hours,South Green,0.402
neighborhood,2016,Hartford,Hartford,Unhealthy behaviors,Sleep <7 hours,Southwest,0.3734003729355354
neighborhood,2016,Hartford,Hartford,Unhealthy behaviors,Sleep <7 hours,Upper Albany,0.47166657159155734
neighborhood,2016,Hartford,Hartford,Unhealthy behaviors,Sleep <7 hours,West End,0.3818000201389588
town,2016,New Haven,NA,Unhealthy behaviors,Sleep <7 hours,New Haven,0.405
neighborhood,2016,New Haven,NA,Unhealthy behaviors,Sleep <7 hours,Amity,0.43100000000000005
neighborhood,2016,New Haven,NA,Unhealthy behaviors,Sleep <7 hours,Annex,0.4050000000000001
neighborhood,2016,New Haven,NA,Unhealthy behaviors,Sleep <7 hours,Beaver Hills,0.42700000000000005
neighborhood,2016,New Haven,NA,Unhealthy behaviors,Sleep <7 hours,Dixwell,0.46199999999999997
neighborhood,2016,New Haven,NA,Unhealthy behaviors,Sleep <7 hours,Downtown,0.35603580539391755
neighborhood,2016,New Haven,NA,Unhealthy behaviors,Sleep <7 hours,Dwight,0.434
neighborhood,2016,New Haven,NA,Unhealthy behaviors,Sleep <7 hours,East Rock,0.3474010718093865
neighborhood,2016,New Haven,NA,Unhealthy behaviors,Sleep <7 hours,East Shore,0.337
neighborhood,2016,New Haven,NA,Unhealthy behaviors,Sleep <7 hours,Edgewood,0.44
neighborhood,2016,New Haven,NA,Unhealthy behaviors,Sleep <7 hours,Fair Haven,0.4293911778543901
neighborhood,2016,New Haven,NA,Unhealthy behaviors,Sleep <7 hours,Fair Haven Heights,0.38908313253012045
neighborhood,2016,New Haven,NA,Unhealthy behaviors,Sleep <7 hours,Hill,0.4407509864364981
neighborhood,2016,New Haven,NA,Unhealthy behaviors,Sleep <7 hours,Newhallville,0.48299999999999993
neighborhood,2016,New Haven,NA,Unhealthy behaviors,Sleep <7 hours,Prospect Hill,0.377
neighborhood,2016,New Haven,NA,Unhealthy behaviors,Sleep <7 hours,Quinnipiac Meadows,0.42000000000000004
neighborhood,2016,New Haven,NA,Unhealthy behaviors,Sleep <7 hours,West River,0.46299999999999997
neighborhood,2016,New Haven,NA,Unhealthy behaviors,Sleep <7 hours,West Rock,0.382
neighborhood,2016,New Haven,NA,Unhealthy behaviors,Sleep <7 hours,Westville,0.3497957034540859
neighborhood,2016,New Haven,NA,Unhealthy behaviors,Sleep <7 hours,Wooster Square,0.3902178308823529
town,2016,Stamford,NA,Unhealthy behaviors,Sleep <7 hours,Stamford,0.34600000000000003
neighborhood,2016,Stamford,NA,Unhealthy behaviors,Sleep <7 hours,Belltown,0.33860935818436366
neighborhood,2016,Stamford,NA,Unhealthy behaviors,Sleep <7 hours,Cove-East Side,0.362195861378428
neighborhood,2016,Stamford,NA,Unhealthy behaviors,Sleep <7 hours,Downtown,0.34992520576131686
neighborhood,2016,Stamford,NA,Unhealthy behaviors,Sleep <7 hours,Glenbrook,0.35518751786801905
neighborhood,2016,Stamford,NA,Unhealthy behaviors,Sleep <7 hours,Newfield,0.307
neighborhood,2016,Stamford,NA,Unhealthy behaviors,Sleep <7 hours,North Stamford,0.2982220700047949
neighborhood,2016,Stamford,NA,Unhealthy behaviors,Sleep <7 hours,Palmers Hill,0.298
neighborhood,2016,Stamford,NA,Unhealthy behaviors,Sleep <7 hours,Ridgeway,0.345
neighborhood,2016,Stamford,NA,Unhealthy behaviors,Sleep <7 hours,Roxbury,0.298
neighborhood,2016,Stamford,NA,Unhealthy behaviors,Sleep <7 hours,Shippan,0.303
neighborhood,2016,Stamford,NA,Unhealthy behaviors,Sleep <7 hours,South End,0.382
neighborhood,2016,Stamford,NA,Unhealthy behaviors,Sleep <7 hours,Springdale,0.34347100028910493
neighborhood,2016,Stamford,NA,Unhealthy behaviors,Sleep <7 hours,Turn Of River,0.31764032091508465
neighborhood,2016,Stamford,NA,Unhealthy behaviors,Sleep <7 hours,Waterside,0.389
neighborhood,2016,Stamford,NA,Unhealthy behaviors,Sleep <7 hours,West Side,0.3993656014306819
neighborhood,2016,Stamford,NA,Unhealthy behaviors,Sleep <7 hours,Westover,0.298
